,Date,Open,High,Low,Close,Adj Close,Volume,LABEL
0,2022-01-03,177.8300018310547,182.8800048828125,177.7100067138672,182.00999450683597,179.4811553955078,104487900,-1.0
1,2022-01-04,181.19000396728515,182.92200317382813,178.6969985961914,180.39299621582032,177.2032012939453,99310400,-1.0
2,2022-01-05,180.08400161743162,180.99559967041017,175.85709915161132,176.5618975830078,172.48963928222656,94537600,-1.0
3,2022-01-06,174.915198348999,177.0086820373535,172.9051293182373,173.36856927490234,169.61019897460938,96904000,-1.0
4,2022-01-07,173.49755907745362,175.00060418395998,171.592537940979,172.5295695007324,169.77781677246094,86709100,1.0
5,2022-01-10,170.40526900497437,173.25018125518798,169.19676010055542,172.2918725592041,169.7975616455078,106765600,1.0
6,2022-01-11,171.74558582844543,174.60104924960325,170.33303315711976,174.24356304949953,172.64739990234375,76138300,1.0
7,2022-01-12,174.80767233056486,176.40630964792786,173.47391507408906,175.14406806035768,173.09117126464844,74805200,-1.0
8,2022-01-13,175.48830084467727,176.55588947640962,172.29516982251968,173.07622212709168,169.7975616455078,84505800,1.0
9,2022-01-14,172.58448768992662,174.61276598843068,171.45154838327934,173.07187176508063,170.66534423828125,80440800,-1.0
10,2022-01-18,171.83234246176315,173.16182509682216,170.02246707846038,170.78156366575467,167.44076538085938,90956700,1.0
11,2022-01-19,170.54970273852894,171.70454881078493,167.1647418325225,167.59546610900375,163.92034912109375,94815000,1.0
12,2022-01-20,168.05090783083602,170.28735951628235,165.0754174228036,165.43563598748628,162.22427368164062,91420500,1.0
13,2022-01-21,165.50927106751254,167.517209136623,163.13262736307155,163.31769335972245,160.15342712402344,122848900,1.0
14,2022-01-24,161.66678431097642,163.86516487721735,157.229786072691,162.129304589948,159.3744354248047,162294600,1.0
15,2022-01-25,159.78603230257028,163.09154561795037,157.08293881252996,160.4847905224922,157.55996704101562,115798400,1.0
16,2022-01-26,162.38580969077108,164.000463258139,157.5988867707121,159.92843886573203,157.47125244140625,108275300,1.0
17,2022-01-27,162.43074077100084,163.88813641396513,158.07566517672146,159.4325325142118,157.00779724121094,121954600,1.0
18,2022-01-28,164.7262269310073,168.41144519665048,161.38270168924691,167.06076103600182,167.96339416503906,179935700,-1.0
19,2022-01-31,168.52987064277875,173.02343355899512,167.07180666155924,172.46422745630835,172.35154724121094,115541600,-1.0
20,2022-02-01,172.36595734761877,174.295027504222,170.7385402894834,173.9662686641386,172.18394470214844,86213900,-1.0
21,2022-02-02,174.03478720428564,175.40451166923535,172.5525633685833,175.277878035765,173.3968505859375,84914300,-1.0
22,2022-02-03,174.34643317056305,175.98935734598544,172.24976559260622,173.61335913826858,170.49769592285156,89418100,-1.0
23,2022-02-04,172.47992482421577,174.66681147625656,171.15092455082873,172.75700731423447,170.21136474609375,82465400,-1.0
24,2022-02-07,172.74597787451083,174.1650413066465,171.01027522901816,171.9891047577469,169.4906005859375,77251200,-1.0
25,2022-02-08,172.0347903716306,174.9945166644549,171.30407744175233,173.97773270906237,172.6205291748047,74829200,-1.0
26,2022-02-09,174.84543924771964,176.15335072687554,173.82121896006475,175.58931895822653,174.0522003173828,71285000,-1.0
27,2022-02-10,174.3516313470698,175.68200222734,172.2313678242499,173.1607922694992,169.94476318359375,90865900,-1.0
28,2022-02-11,172.9364906858592,173.86060194994027,169.29740564756793,169.99623725360368,166.5087432861328,98670700,-1.0
29,2022-02-14,169.039943787789,170.86418186672034,167.381219985286,169.21487459404983,166.7457275390625,86185500,-1.0
30,2022-02-15,170.3909839908289,172.32425242378562,169.38936599558582,171.7174576785079,170.60629272460938,62527400,-1.0
31,2022-02-16,171.4122994697096,173.03527316365913,169.8518119349062,172.30023943978284,170.3693389892578,61177400,-1.0
32,2022-02-17,171.1446889864207,172.2475845125743,168.88454443496403,169.9060752499036,166.7457275390625,69589300,-1.0
33,2022-02-18,170.21741182287934,171.05227065406527,166.99836503947358,168.08182471120156,165.18568420410156,82772700,-1.0
34,2022-02-22,166.55122055614115,167.99868290520396,163.60450523938113,165.44855254031359,162.24337768554688,91162800,-1.0
35,2022-02-23,165.8433614671353,166.70460059910025,160.90635157181433,161.6835708890472,158.0470733642578,90009200,-1.0
36,2022-02-24,156.55900972187888,164.006384452191,154.6719054715443,162.423075111929,160.68333435058594,141147500,-1.0
37,2022-02-25,161.6557003530871,164.78591191768857,159.01056822349454,164.12192680603962,162.76666259765625,91974200,-1.0
38,2022-02-28,162.63870839694175,165.2297722935683,161.40416534009523,164.82057462384313,163.0332489013672,95056600,1.0
39,2022-03-01,164.08161038285206,166.1889359605314,161.80025045652076,163.68617025092246,161.13748168945312,83474400,1.0
40,2022-03-02,164.29748268760952,167.00868121540552,162.60507300072575,165.69784936629236,164.4550323486328,79724800,1.0
41,2022-03-03,167.21824566077504,168.33960692809822,164.66652403644818,166.07035181916507,164.1291961669922,76678400,1.0
42,2022-03-04,165.30847754344734,166.38688421465991,162.8699614833954,164.04010426401123,161.10787963867188,83737200,1.0
43,2022-03-07,163.94454369028028,165.43006825512063,160.1889837453116,160.72203341543386,157.28680419921875,96418800,1.0
44,2022-03-08,160.3573682340372,163.64502389450496,157.11669725982395,158.42461173361454,155.4503173828125,131148300,1.0
45,2022-03-09,161.14320747948852,163.48050973182805,158.72201174142376,161.59238138385388,160.89065551757812,91454900,1.0
46,2022-03-10,160.4829601076161,161.31715249230234,156.80260053170448,159.44171740587882,156.51666259765625,105342000,1.0
47,2022-03-11,159.3958829053317,159.89114489319851,155.19078015951135,156.143512231041,152.7745361328125,96970100,1.0
48,2022-03-14,153.83376273536902,155.8513400499908,151.62723832031435,152.27705025134355,148.71649169921875,108732100,1.0
49,2022-03-15,151.78012454814976,155.65440714195034,150.75417491406307,154.2461125119265,153.12998962402344,92964300,1.0
50,2022-03-16,155.4690395006754,158.6963221425851,153.34825717392596,157.98683119010138,157.5731201171875,102300200,1.0
51,2022-03-17,157.66771227744871,160.30889664277552,156.34548057014655,159.83004593906168,158.590087890625,75615400,1.0
52,2022-03-18,159.65730983801978,163.22866600211,158.7356403258291,162.73501079099586,161.90765380859375,123511700,1.0
53,2022-03-21,162.3541891061911,165.41360407309395,161.72768825253388,164.5865066552675,163.28994750976562,95811400,1.0
54,2022-03-22,164.5632528866425,168.2180799401899,163.95530903923674,167.54995712353337,166.6864776611328,81532000,-1.0
55,2022-03-23,166.9619797112076,171.31342355481087,166.5415884393101,169.41199183676704,168.0589141845703,98062700,1.0
56,2022-03-24,169.8305922043779,173.29202663919716,169.10948123150007,172.67260267798324,171.87013244628906,90131400,-1.0
57,2022-03-25,172.66518107928212,174.68360713726696,171.65784436945003,174.10578165788715,172.51193237304688,80546200,-1.0
58,2022-03-28,172.31855304204635,175.41607915045742,171.897353310835,175.1517387698271,173.3807830810547,90371900,-1.0
59,2022-03-29,175.37856762159828,177.9318198999224,175.00720342977394,177.81752633065517,176.6983642578125,100589400,-1.0
60,2022-03-30,177.59857242270996,179.10654639722281,176.1921588927017,177.7842608899192,175.5233917236328,92633200,-1.0
61,2022-03-31,177.76756916333642,178.35296306467467,174.9376433953496,175.56227869422185,172.4033203125,103049300,-1.0
62,2022-04-01,175.15126989450874,175.92189233737116,172.83929472758925,174.68568189928217,172.10708618164062,78751300,-1.0
63,2022-04-04,174.74438609530574,177.71957154642618,173.95979012726116,177.31370627876902,176.18492126464844,76468400,-1.0
64,2022-04-05,176.6733158285917,178.12587360015834,174.28193575644008,175.73611017464634,172.84762573242188,73401800,-1.0
65,2022-04-06,173.6539951758236,174.97876549801626,171.37558414490076,173.00183433413218,169.658447265625,89058800,-1.0
66,2022-04-07,171.90820111622364,173.84563007665096,170.30767951593117,172.39854987299356,169.9645233154297,77594700,-1.0
67,2022-04-08,171.8184594803749,172.3996881685031,169.53230171854887,170.7825623984215,167.94044494628906,76575500,-1.0
68,2022-04-11,169.6425425438195,170.04090559605874,166.70969051556466,167.25976871952645,163.65528869628906,72246700,-1.0
69,2022-04-12,168.5067657538685,169.92126826084888,166.6609067274233,167.5399331793345,165.54115295410156,79265200,-1.0
70,2022-04-13,167.72502929891445,170.70437577854761,166.73727500894967,169.5419756813394,168.2465057373047,70618900,-1.0
71,2022-04-14,169.75150537170558,171.10031572428693,165.54917780297785,166.56558800469477,163.20106506347656,75329400,-1.0
72,2022-04-18,165.66945032977338,167.950098989747,164.1637584678465,165.51868152836155,162.98385620117188,69023900,-1.0
73,2022-04-19,165.21483808965468,167.8590348238772,163.9861301038305,166.83560018604751,165.28440856933594,67723800,-1.0
74,2022-04-20,167.69644758168155,168.5737138651319,165.4658433036101,167.11167706509158,165.11659240722656,67929800,-1.0
75,2022-04-21,168.54593683798103,170.6431133050474,165.7767555545596,166.6275018377892,164.31680297851562,87227800,-1.0
76,2022-04-22,167.08578575110135,168.70193057354547,162.78302666636787,163.24124585162974,159.7453155517578,84882400,-1.0
77,2022-04-25,162.90973230736165,164.82957789032537,159.7569126996174,162.98837717345768,160.8215789794922,96046400,-1.0
78,2022-04-26,162.4479196922085,163.08687080362105,157.63107466437742,158.65651528826777,154.8184051513672,95623200,-1.0
79,2022-04-27,157.8713784711391,160.77905654137928,156.05532581728198,157.19595971343347,154.59127807617188,88063200,-1.0
80,2022-04-28,158.83641354134173,163.39771995313643,158.06759261823146,161.70678748678395,161.57192993164062,130216800,-1.0
81,2022-04-29,160.93892149892594,165.35931384971047,157.49527778546943,158.86703197357426,155.65765380859375,131747600,-1.0
82,2022-05-02,157.9786811493848,160.3687911641905,154.53758632636348,158.2321142917793,155.96372985839844,123055300,-1.0
83,2022-05-03,158.09860007235451,160.60764204896418,155.78528102486217,159.10563129681114,157.46453857421875,88966500,-1.0
84,2022-05-04,159.19857873996807,164.7182896239666,158.2175804622438,163.945692379766,163.92189025878906,108256500,-1.0
85,2022-05-05,162.45457789445135,164.27148816892827,155.93027200244268,158.92271070465245,154.78875732421875,130525300,-1.0
86,2022-05-06,157.94336952312057,160.88944815966286,154.70507647377968,157.77281235690356,155.52047729492188,116124600,-1.0
87,2022-05-09,155.83400572998303,157.34783572963715,152.45452678734875,153.7738419980867,150.35887145996094,131577900,-1.0
88,2022-05-10,155.61420470971757,156.922354564106,152.78735290925152,154.28914875421117,152.78146362304688,115366700,-1.0
89,2022-05-11,154.13426141291527,155.89170423300132,147.9032041637911,148.83674462626334,144.86109924316406,142689800,1.0
90,2022-05-12,146.17928141459726,149.10750913366994,141.53096338536778,144.44302167889464,140.9651641845703,182602000,1.0
91,2022-05-13,145.0667818609026,148.4022570125619,142.63628944285642,146.30990693091448,145.46424865722656,113990900,-1.0
92,2022-05-16,145.40503669450126,147.78468009449122,143.7168817059038,145.7709673795673,143.91183471679688,86643800,1.0
93,2022-05-17,147.8235114355965,149.17440701907003,145.79105938481803,148.19929405908505,147.5704345703125,78336300,-1.0
94,2022-05-18,147.14205770313987,147.90432253296711,141.66731354298446,143.03379334467866,139.24462890625,109742900,1.0
95,2022-05-19,142.0586207289107,143.5332993233667,138.1201983353563,139.05514227586454,135.81346130371094,136095600,-1.0
96,2022-05-20,139.98058365519665,141.54998766077955,134.263059927853,138.02954011928279,136.05075073242188,137426100,-1.0
97,2022-05-23,138.44717039685196,142.746992453019,136.63391370589497,141.58586246303094,141.50901794433594,117726300,-1.0
98,2022-05-24,140.10114941007123,142.20309859039787,137.12117539350677,140.72775916615538,138.78977966308594,104132700,-1.0
99,2022-05-25,138.93133969606825,141.91392487741234,137.97435005457547,140.58233074056926,138.947998046875,92482700,-1.0
100,2022-05-26,137.85240148157436,143.61217489974712,137.39030458912654,142.82069836767857,142.1715087890625,90601500,-1.0
101,2022-05-27,143.12872001722621,147.85964734297102,142.89908753152312,147.59420908305748,147.96597290039062,90978500,-1.0
102,2022-05-31,147.287621132121,149.81989676636786,145.65772369598037,148.4662601614407,147.17489624023438,103718400,-1.0
103,2022-06-01,149.11628206717535,151.1639728751252,147.073311981841,148.63688274813924,147.04638671875,74286600,-1.0
104,2022-06-02,148.21588590189089,151.2381948532602,146.9239940217984,150.4380695241488,149.51840209960938,72348100,-1.0
105,2022-06-03,147.29476149810634,148.95045931047025,145.19920290624654,146.89742427521338,143.7536163330078,88570300,-1.0
106,2022-06-06,147.10942759493972,148.6841429200942,144.98975659941303,146.3672268553179,144.50509643554688,71598400,-1.0
107,2022-06-07,145.17783255094287,148.90524287602827,144.36693125228484,148.0071727563024,147.04638671875,67808200,-1.0
108,2022-06-08,147.55935104702115,149.58056944483974,146.5320840753925,147.97415652659774,146.30474853515625,53950200,-1.0
109,2022-06-09,147.22380659584462,148.43916869722145,143.73062436812558,144.24024653073323,141.0442657470703,69473000,-1.0
110,2022-06-10,142.3631411242612,143.0637467639516,139.0611856014533,139.26307737718872,135.59593200683594,91437900,1.0
111,2022-06-13,135.7179389193096,137.559121892955,133.72635738942037,134.09492663112536,130.40464782714844,122207100,1.0
112,2022-06-14,133.90638509376163,134.99073614064042,132.15390422610346,133.16047414412276,131.2747802734375,84784300,1.0
113,2022-06-15,134.17491082842145,136.63521827871557,132.1581738313076,134.7491371162837,133.9149169921875,91533000,1.0
114,2022-06-16,132.7084745302647,133.66356505636855,129.97544744968525,131.46673942590073,128.60498046875,108123900,1.0
115,2022-06-17,130.86154748603252,133.25507079864883,129.8596325259212,131.53202011878585,130.08822631835938,134520300,1.0
116,2022-06-21,132.65246296407147,135.91851953061027,132.2818948847295,134.568602617667,134.34999084472656,81000500,1.0
117,2022-06-22,134.1487341895144,137.20755201396824,133.4215710288954,135.11558505776105,133.83583068847656,73409200,1.0
118,2022-06-23,136.01862538380743,138.1752630407139,134.96747472663736,137.323678508051,136.72315979003906,72433800,1.0
119,2022-06-24,138.73558334268128,140.78958147569074,138.32924540871386,140.35910611589185,140.0752410888672,89116800,1.0
120,2022-06-27,141.5106728665739,142.67987828792207,140.17777447710637,141.2697343982441,140.0752410888672,70207900,1.0
121,2022-06-28,141.9442052779409,143.19796220463834,138.17733747008504,138.5889220284576,135.90243530273438,67083400,1.0
122,2022-06-29,138.8052662830893,141.42838737965323,137.12219995928723,139.03767361781462,137.6724090576172,66242400,1.0
123,2022-06-30,137.71657988492677,139.28751279592723,134.77566297850882,137.41530293983658,135.1905059814453,98964500,1.0
124,2022-07-01,136.542969265771,139.11424913907115,135.3947014570292,138.47558575499784,137.37576293945312,71051600,1.0
125,2022-07-05,137.40189377045397,140.86127516896744,136.46940531015565,140.63467401751495,139.97634887695312,73353800,1.0
126,2022-07-06,140.16557240359714,143.1423791327215,139.69682287478497,142.2344009235162,141.3211212158203,74064300,1.0
127,2022-07-07,142.3526670213721,145.5277158760469,142.2050460079433,145.1153245495158,144.71278381347656,66253700,1.0
128,2022-07-08,144.3877962611968,146.94331689904453,144.161513802383,146.46259266514772,145.39505004882812,64547800,1.0
129,2022-07-11,145.28533759662076,146.73099464246727,143.8944532862227,145.34777438157556,143.2493438720703,63141600,1.0
130,2022-07-12,145.61759743377138,147.93429625650973,144.70333812209728,145.70633274171877,144.2282257080078,77588800,1.0
131,2022-07-13,143.77828307534625,146.89528674072244,142.89499801866043,145.55490366773049,143.86239624023438,71185600,1.0
132,2022-07-14,143.98948620434214,148.33358388598626,143.14349940559813,147.59547195481133,146.8090362548828,78140700,1.0
133,2022-07-15,148.04284500681047,150.10207559304197,146.68304768544897,149.3976403047051,148.49002075195312,76259900,1.0
134,2022-07-18,149.93085734725798,151.12962780486572,146.69491216940423,147.76829721836467,145.4247283935547,81420900,1.0
135,2022-07-19,148.52325592243912,151.19988535073708,146.84547621429783,150.03048916550938,149.31072998046875,82982400,1.0
136,2022-07-20,150.340973358763,152.9639664597133,149.3126394463206,152.1371420499458,151.3279266357422,64823400,1.0
137,2022-07-21,153.2522920076289,154.78819506486712,151.15179354288057,154.38614688744468,153.61207580566406,65086600,1.0
138,2022-07-22,154.7486871750426,155.83245766496793,152.73254062634072,154.17884150275682,152.36618041992188,66675400,1.0
139,2022-07-25,154.23160230729795,155.27773259978335,152.41576133341002,153.31865031459657,151.2389373779297,53623900,1.0
140,2022-07-26,152.85147684697455,153.74631721645844,151.28473053625348,152.11559936683992,149.90402221679688,55138700,1.0
141,2022-07-27,152.66144433583065,156.25489644667582,151.8974217243526,155.38767511034496,155.0359649658203,78620700,1.0
142,2022-07-28,155.68443031002653,157.22446850675666,153.65622908078234,156.76130680556443,155.5897216796875,81378700,1.0
143,2022-07-29,159.5733329382228,161.70834396999575,157.7468687242347,160.78538819645448,160.6919708251953,101786900,1.0
144,2022-08-01,160.578996036252,163.02550062752218,159.94706019002433,161.2926126137215,159.7031707763672,67829400,1.0
145,2022-08-02,160.24370308333653,162.5946527517332,159.72512147497605,160.3947799389016,158.2199249267578,59907000,1.0
146,2022-08-03,160.66110836152438,165.3913932620434,160.4425364424928,164.40943739963922,164.27149963378906,82507500,1.0
147,2022-08-04,164.40532866324247,166.6504196875974,163.23375580579471,165.3898295109074,163.95506286621094,55474100,1.0
148,2022-08-05,163.56860329867976,166.09013017874014,163.07012674173842,165.36195312573315,163.72732543945312,56697000,-1.0
149,2022-08-08,165.52957757163517,167.29403734463767,163.86103588629106,165.0175825197512,163.2520294189453,60276900,-1.0
150,2022-08-09,164.4728762622132,166.26221633034442,163.4333107658873,164.94927347418707,163.30154418945312,63135500,-1.0
151,2022-08-10,166.71785775171082,168.41666233562677,165.85998895730526,167.95278588747095,167.5791473388672,70170500,-1.0
152,2022-08-11,169.05735561652887,170.21800254590286,167.49099839617594,168.32883961145612,166.8365020751953,57149200,-1.0
153,2022-08-12,169.5912118119118,171.58439948203258,168.82729524639186,170.96865615589778,170.41110229492188,68039400,-1.0
154,2022-08-15,170.94136653429618,172.84831941736368,170.59319284637849,172.5235985557537,171.49037170410156,54091700,-1.0
155,2022-08-16,172.22840910579666,173.45150052491613,171.3399604173901,172.87807871223393,171.33192443847656,56377100,-1.0
156,2022-08-17,172.60752572246165,175.3404458850139,172.20099325217015,174.04842574990064,172.8370361328125,79542000,-1.0
157,2022-08-18,173.40725771673848,175.03212949304321,172.8442945576823,174.11952345250927,172.44093322753906,62290100,-1.0
158,2022-08-19,173.14317646052936,174.1276426931278,171.77028665832032,172.29986002647541,169.83676147460938,70346300,-1.0
159,2022-08-22,170.7259546471432,171.14029323518443,168.52908557025,168.98896313489576,165.92555236816406,69026800,-1.0
160,2022-08-23,168.17378767588124,169.43909267026237,167.21372139861407,167.75768594974608,165.58888244628906,54147100,-1.0
161,2022-08-24,167.5761414297175,168.5087282283248,166.53911641958422,167.59830493043162,165.8859100341797,53841500,-1.0
162,2022-08-25,168.41884157442306,169.65061804125133,167.8067391983362,169.3004906246373,168.3614044189453,51218200,-1.0
163,2022-08-26,169.92465759928004,170.63018754860587,164.83402005051647,165.32414376942242,162.0142822265625,78961000,-1.0
164,2022-08-29,163.78239300732307,165.21905199212082,161.32421114210808,162.56324654879546,159.79627990722656,73314000,-1.0
165,2022-08-30,162.62572132016567,163.35771388865186,158.80126419712462,160.00597652811518,157.35052490234375,77906200,-1.0
166,2022-08-31,161.00471468706533,161.41331544833383,157.6383788318913,158.05579381292677,155.67710876464844,87991100,-1.0
167,2022-09-01,157.9494139788735,159.31799335276187,155.56051236782912,157.98874284358504,156.4098663330078,74229900,-1.0
168,2022-09-02,159.20982419366206,160.04739843307465,155.14715456484092,156.46362114409115,154.28091430664062,76957800,-1.0
169,2022-09-06,157.2919481125908,157.97721696644584,154.12714807843665,155.11008548873517,153.0135040283203,73714800,-1.0
170,2022-09-07,155.56158956073037,157.06216380819546,153.7651448507771,155.7050303463276,154.42947387695312,87449600,-1.0
171,2022-09-08,154.916476440973,156.57064956970473,153.00553832828,154.8335138036053,152.9442138671875,84923800,-1.0
172,2022-09-09,155.3039437867841,157.44519999786453,154.226661498484,156.60905072311286,155.82562255859375,68028800,-1.0
173,2022-09-12,158.30418057255866,162.2155561541445,157.77800058577566,161.38371008998072,161.82615661621094,104956000,-1.0
174,2022-09-13,159.42124989930664,161.04266214653632,154.69239675776396,156.10311046351765,152.33026123046875,122656600,-1.0
175,2022-09-14,156.17937027008497,158.28280291642182,153.9347194545753,155.54793143007092,153.7858428955078,87965400,-1.0
176,2022-09-15,155.10880680856457,156.1528447201414,152.14641925434134,153.32337601105252,150.8746795654297,90481100,-1.0
177,2022-09-16,152.3796467422764,152.79085768850337,149.50292235833365,151.4870106670853,149.22108459472656,162278800,-1.0
178,2022-09-19,150.23089231369855,154.02925559756665,149.22088097996104,153.58210020940294,152.9639892578125,81474200,-1.0
179,2022-09-20,152.44926342164862,156.86477796100826,151.92226557572658,155.90462579035994,155.36024475097656,107689800,-1.0
180,2022-09-21,155.87277646301803,158.17743723351734,153.0966839451789,154.37538859160017,152.21144104003906,101696800,-1.0
181,2022-09-22,153.42783635687414,155.58223202454738,151.56600774703023,153.2306204226949,151.24105834960938,86652500,-1.0
182,2022-09-23,151.86135261604662,152.7036704618564,149.4618006151247,151.27018099985534,148.95372009277344,96029900,-1.0
183,2022-09-26,150.32040834829056,153.45010412927957,149.58653975729132,150.92005729067927,149.29039001464844,93339400,-1.0
184,2022-09-27,152.01412634970202,154.33903209327607,149.84095979095693,151.50801334198894,150.2707061767578,84442700,-1.0
185,2022-09-28,148.9522374776645,151.74970920073673,146.34028537381053,150.34040143912011,148.36952209472656,146691400,-1.0
186,2022-09-29,146.9556755157603,148.2289136147132,142.37808048519003,144.83811744101337,141.0817413330078,128138200,1.0
187,2022-09-30,142.9827018002359,144.6386783568749,139.313424145557,140.19143309607355,136.84375,124925300,1.0
188,2022-10-03,139.6418152397778,143.5406086340156,138.17702895265148,141.7724277925916,141.0520477294922,114311700,1.0
189,2022-10-04,143.41354371744114,145.41618344469686,142.4351048405806,144.80173261023842,144.66622924804688,87830100,1.0
190,2022-10-05,143.87306824218547,146.7908584513778,142.83752760695933,145.92051551061058,144.96327209472656,79471000,1.0
191,2022-10-06,145.22891876367126,147.3152528357063,144.50525913657998,145.57714952623007,144.00279235839844,68402200,-1.0
192,2022-10-07,143.34667092939435,144.36458012317283,140.96657560474353,141.73614229439247,138.7152099609375,85925600,1.0
193,2022-10-10,141.29799999708,142.63237360970575,139.2889778083762,140.81484140657946,139.0419464111328,74899000,1.0
194,2022-10-11,140.31939572666306,141.73471635537265,138.54069419700505,139.53044943125118,137.61610412597656,77033700,1.0
195,2022-10-12,139.48682213596766,140.7724153338579,138.27421082257808,138.6971322658988,136.9823760986328,70433700,1.0
196,2022-10-13,136.33905048600514,142.7447220366808,135.54125982880467,141.70214352498448,141.58676147460938,113224000,-1.0
197,2022-10-14,141.91871343681717,143.9874196017269,137.39537965762577,139.3766464754641,137.02198791503906,88598000,-1.0
198,2022-10-17,141.32461915799828,143.22622160805713,139.4076168880104,141.4999965061158,141.012451171875,85250900,-1.0
199,2022-10-18,144.24038959261432,145.65786434618667,140.2492854936492,143.07499895183474,142.33929443359375,99136600,-1.0
200,2022-10-19,142.45511858676866,145.16235716762554,141.12478564809476,143.6245001127965,142.44821166992188,61758300,-1.0
201,2022-10-20,142.85053856675324,145.67170672304155,142.1924314219675,143.46034960659284,141.98281860351562,64522000,1.0
202,2022-10-21,142.86415815205723,147.1965162893734,142.51272515412933,146.1271078727005,145.8247528076172,86548600,1.0
203,2022-10-24,145.89224915460153,149.31995189608938,144.95381754623878,148.45313022557968,147.9833526611328,75981900,-1.0
204,2022-10-25,148.8306721829039,151.53898941404168,148.03814569111773,151.17393650419734,150.84500122070312,74732300,-1.0
205,2022-10-26,150.3212063545782,151.85470066942736,148.0394390076283,149.89718522372013,147.88433837890625,88194300,-1.0
206,2022-10-27,148.74536703332657,149.89141233705868,145.30283512025724,146.3291577033465,143.37899780273438,109180200,1.0
207,2022-10-28,148.3636079737675,155.2174237011176,147.0648556630303,152.9167511562188,154.21163940429688,164762400,-1.0
208,2022-10-31,151.7210849556068,154.53323095555012,150.46345541717082,153.21302278338908,151.83517456054688,97943200,-1.0
209,2022-11-01,154.07232676842034,155.17496715043455,149.53004004312,151.4189025625558,149.1715850830078,80379300,-1.0
210,2022-11-02,150.48669589429562,153.0714888633921,146.359012012936,146.94666991427454,143.6067352294922,93604600,1.0
211,2022-11-03,144.58800705930432,145.8814487952481,141.0327036038808,141.3000043922511,137.51710510253906,97918500,1.0
212,2022-11-04,142.83939955431475,143.63343335683615,136.37581449913299,139.25600473564407,137.24929809570312,140814800,1.0
213,2022-11-07,138.8288202935405,140.49502573458992,135.8817430680016,139.02080013895494,137.78488159179688,83374600,1.0
214,2022-11-08,139.9356486515387,141.14950259342385,137.00752676561532,139.35624004168648,138.36013793945312,89908500,1.0
215,2022-11-09,138.9306945954616,139.32985291425763,135.31525546620804,136.2158685945372,133.76795959472656,74917800,1.0
216,2022-11-10,140.54721222385334,144.60795245630854,138.2445766398624,143.6737571603924,145.66993713378906,118854000,1.0
217,2022-11-11,144.23816879410913,148.38938189167771,142.53236957398997,147.89212501188726,148.47677612304688,93979700,-1.0
218,2022-11-14,147.55045149272493,149.71281371301114,145.96070574524387,148.163636649074,147.06838989257812,73374100,-1.0
219,2022-11-15,150.8191363023097,152.4268415504268,147.7802100145888,149.47708629501517,148.81402587890625,89868300,-1.0
220,2022-11-16,149.63674430866166,150.63704904715928,147.43705830466962,148.99612118879753,147.57421875,64218300,-1.0
221,2022-11-17,147.39201816564537,151.22711172342514,146.53611321893993,150.20283721113145,149.48846435546875,80389400,-1.0
222,2022-11-18,150.83460374070924,152.25813138079707,148.93983482017416,150.9638464636324,150.0537872314453,74829600,-1.0
223,2022-11-21,150.36238368568934,150.93643599627038,148.08595130054442,148.89615009387487,146.80059814453125,58724100,-1.0
224,2022-11-22,148.79971852367555,150.57492951714283,147.2767802632102,149.79483990120934,148.95286560058594,51804100,-1.0
225,2022-11-23,149.2549134208722,151.45348013688113,148.7210315154865,150.68745709731593,149.8356170654297,58301400,-1.0
226,2022-11-25,148.5934723172773,149.6520474590331,147.60030603667718,148.88323755644086,146.8997802734375,35195900,-1.0
227,2022-11-28,146.1760412679371,147.54361381046385,144.6460952289719,145.61897212142443,143.0415802001953,69246000,-1.0
228,2022-11-29,144.8558076806741,145.6300824341548,141.63883284115252,142.50469035468905,140.01649475097656,83763800,-1.0
229,2022-11-30,142.4367380317413,147.79302558473864,140.8766519885762,146.37240625191453,146.8204345703125,111380900,-1.0
230,2022-12-01,146.4780261092294,148.72891109339034,144.88999602381895,147.72872016659,147.09817504882812,71250400,-1.0
231,2022-12-02,146.11541253247586,148.2186733280171,145.42199453468476,147.78561434099262,146.60223388671875,65447400,-1.0
232,2022-12-05,147.2736267504654,150.10960071666685,145.6656013511281,146.97668772026654,145.43186950683594,68826400,-1.0
233,2022-12-06,147.13109315209275,148.14288235123053,143.04367912360016,144.13000887955653,141.74227905273438,64727200,-1.0
234,2022-12-07,143.6723296546122,144.8018612874004,140.91310373708006,141.89700437285134,139.78839111328125,69721100,-1.0
235,2022-12-08,142.75369932362975,143.90456137694278,141.04393539358495,142.42409703939447,141.48440551757812,62128300,-1.0
236,2022-12-09,142.46410723361237,145.07037354003594,140.94317634561455,142.2392316752949,140.9984130859375,76097000,-1.0
237,2022-12-12,142.62923003385325,144.6711120620108,141.02495119469998,143.8147733478033,143.3093719482422,70462700,-1.0
238,2022-12-13,147.43876901015597,148.38033447309544,143.27548920362483,144.97343285883318,144.2813720703125,93886200,-1.0
239,2022-12-14,145.97663497550772,147.1761029054052,141.794649324564,143.73903455735697,142.03981018066406,82291200,-1.0
240,2022-12-15,142.56999091989843,143.41283300785204,137.759393942877,138.67171036720708,135.3846435546875,98931900,-1.0
241,2022-12-16,138.4539989849539,139.37884562989467,134.93881519214045,135.7585092649473,133.41091918945312,160156900,-1.0
242,2022-12-19,136.11320012273228,136.45365155273794,132.40564968459526,133.38654936151545,131.2884063720703,79592600,1.0
243,2022-12-20,132.8069596095736,134.2110954658214,130.64469447813246,132.6259669446851,131.21897888183594,77432800,1.0
244,2022-12-21,132.92808489214943,136.03032693076204,132.11840834343974,134.60278794717505,134.34323120117188,85928000,-1.0
245,2022-12-22,133.92342974010575,135.00109637024423,130.84552463926238,132.94183339342987,131.14955139160156,77852100,1.0
246,2022-12-23,131.82102764029344,133.194327629335,130.00165696453263,132.18455044527505,130.78256225585938,63814900,1.0
247,2022-12-27,131.5123117100568,131.94530085227706,129.10449794385198,130.6763642790903,128.96751403808594,69007800,1.0
248,2022-12-28,130.22269223127876,131.30458940119092,126.84035130576304,127.43090992459624,125.0101089477539,85438400,1.0
249,2022-12-29,128.6598061740223,130.72737382963462,127.46310774158242,128.95627340462497,128.5509490966797,75703700,1.0
250,2022-12-30,128.48494441568326,130.1832100126599,127.43993253609779,129.63787689443436,128.8683319091797,77034200,1.0
251,2023-01-03,129.7414824702128,130.68495873133702,125.15097847909107,126.44036285470727,124.0480499267578,112117500,1.0
252,2023-01-04,127.74544431381774,129.26749018287768,125.10129482546559,126.38410928365828,125.32750701904295,89113600,1.0
253,2023-01-05,127.3146313715379,128.21924470500977,124.86238994300102,125.42923043524397,123.99845886230467,80962700,1.0
254,2023-01-06,126.40139090682271,129.6687687117959,124.88171655565421,128.36276571260444,128.56085205078125,87754700,1.0
255,2023-01-09,129.249418126539,132.28763317701532,128.38751453945017,129.6138254413204,129.08651733398438,70790800,1.0
256,2023-01-10,129.95682159274685,131.56828610788978,128.2002509438663,130.39514464167345,129.66180419921875,63896200,1.0
257,2023-01-11,130.86204647782407,132.92748198715208,129.78207998286692,132.56154723771687,132.3992462158203,69458900,1.0
258,2023-01-12,132.97461736131598,133.86024075093079,130.94262570384444,133.15546673479162,132.31988525390625,71379600,1.0
259,2023-01-13,132.31338435390262,134.60207094354095,131.4447902746299,134.27863617522263,133.65887451171875,57809700,1.0
260,2023-01-17,134.07501658790906,136.48361658335526,133.32444050035772,135.44159256155118,134.82923889160156,63646600,1.0
261,2023-01-18,135.99651010332585,137.97208540225267,134.51833129561513,135.27948246817238,134.1051788330078,69672800,1.0
262,2023-01-19,134.65495431273604,136.76662562067582,133.99450237940718,135.27284773117438,134.16468811035156,58280400,1.0
263,2023-01-20,135.09248543932864,137.6439906769254,134.15235156831434,137.09085090138356,136.7434539794922,80223600,1.0
264,2023-01-23,137.21174221382984,141.61720233003075,136.77570119803337,139.90425569766117,139.95700073242188,81760300,1.0
265,2023-01-24,139.38052095516457,142.6971632624858,139.2427124956405,141.74227585480617,141.36538696289062,66435100,1.0
266,2023-01-25,140.4371558593033,142.5101438517926,138.93981203970776,141.82468318368794,140.70086669921875,65799300,1.0
267,2023-01-26,142.35014547605272,143.7280431555378,141.01193933945137,143.3194096548134,142.78370666503906,54105100,1.0
268,2023-01-27,142.91704620629238,146.1794099559387,142.4595830835737,145.1468177694909,144.7375946044922,70555800,1.0
269,2023-01-30,144.34711856159475,145.73882512301208,142.73287919753307,143.64404533084726,141.83152770996094,64015300,1.0
270,2023-01-31,143.19413343224795,144.75964497342704,142.41586290476772,144.09620889954715,143.1110076904297,65874500,1.0
271,2023-02-01,143.73724088416657,146.0548939192742,141.64876399838346,145.02985754291103,144.24168395996094,77663600,1.0
272,2023-02-02,147.35116799278904,149.64246304882914,146.21362791777676,149.08296238982643,149.58766174316406,118339000,-1.0
273,2023-02-03,147.82634954334452,155.0587423326175,147.3450896570713,152.87488871694794,153.23756408691406,154357300,-1.0
274,2023-02-06,151.1469099899565,153.6876269722462,149.7495260426292,152.07346362436172,150.49020385742188,69858300,-1.0
275,2023-02-07,150.79207256974087,154.7672851009512,150.37285738554266,153.87703481484758,153.38633728027344,83322600,-1.0
276,2023-02-08,152.953625188891,154.63618681202365,150.9308559339245,152.507109162716,150.6786346435547,64120100,-1.0
277,2023-02-09,153.53208670217512,154.42185732534537,150.57325549843907,151.36112933084604,149.63722229003906,56007100,1.0
278,2023-02-10,150.68163071035957,152.26455463412705,149.62597750402392,151.11533495403896,150.00477600097656,57450700,1.0
279,2023-02-13,150.86948707687742,153.66136254502328,150.53179196946888,153.02960475867263,152.8258819580078,62199000,-1.0
280,2023-02-14,151.74484270509447,153.73741175422964,150.76153801808675,153.14887929137132,152.18019104003906,61707600,-1.0
281,2023-02-15,152.70045323877443,154.9712235262689,152.24446482339476,154.67566506914966,154.2960205078125,65573800,-1.0
282,2023-02-16,153.2671321264175,155.92236833961894,153.01834371947936,153.99970422045192,152.6868133544922,68167900,-1.0
283,2023-02-17,152.62514391038619,153.87671050188567,151.50050738830475,152.98491340236603,151.53451538085938,59144100,-1.0
284,2023-02-21,150.92754103688537,152.07301528679616,149.337154779968,149.83147102998717,147.4916229248047,58867200,1.0
285,2023-02-22,149.48725889309685,150.58690244980838,147.81314899746695,149.1864438724727,147.91876220703125,51011300,1.0
286,2023-02-23,149.9091751044525,150.41406817146594,147.41194854445493,149.33592888928086,148.40548706054688,48394200,1.0
287,2023-02-24,147.94975295858183,148.15722216042417,146.22758541782866,147.4977833664913,145.7333984375,55469600,1.0
288,2023-02-27,147.78193058728158,148.86616536638897,147.08327348911814,147.79333372820912,146.9353485107422,44998500,1.0
289,2023-02-28,147.26958131241494,149.01585089165496,146.90598332847372,147.5250026819393,146.42874145507812,50547000,1.0
290,2023-03-01,146.96187567546275,147.76575227677384,145.57879115332727,145.97449909559742,144.34271240234375,55479000,1.0
291,2023-03-02,145.15456612060757,147.02673038273917,144.40363307353726,145.92935229215578,144.938720703125,52238100,1.0
292,2023-03-03,147.17436513647525,149.88501954206785,146.45209120379945,149.49980483315454,150.02462768554688,70732300,1.0
293,2023-03-06,151.80530484123554,154.37550799885082,151.35763206084687,152.53094273168466,152.80601501464844,87558000,1.0
294,2023-03-07,153.1315893161402,154.13365154516308,151.19829303622282,151.87928709196635,150.5908660888672,56182000,1.0
295,2023-03-08,152.9064750858577,153.6690963180411,151.64048919260512,152.57278270962115,151.85238647460938,47204800,1.0
296,2023-03-09,153.36394081677292,154.2787241957053,150.65314376705888,151.1848322494098,149.5875701904297,53833600,1.0
297,2023-03-10,151.15618694473892,151.94161896769597,148.52294355736376,149.30544967482294,147.51150512695312,68572400,1.0
298,2023-03-13,148.8138543744373,152.7804852630627,147.94688093097866,150.12063575693907,149.4683837890625,84457100,1.0
299,2023-03-14,150.540155457839,153.21414130645786,149.45406855175455,151.84918816360516,151.57424926757812,73695900,1.0
300,2023-03-15,150.9950483463361,153.23924239193735,149.78021928378809,152.6477602942964,151.97158813476562,77167900,1.0
301,2023-03-16,151.8105170673774,155.49377741728824,151.08206535789034,154.88933236074985,154.81256103515625,76161100,1.0
302,2023-03-17,154.7991564019515,156.36613707040132,153.3206187528749,154.96679970822495,153.96820068359375,98944600,1.0
303,2023-03-20,154.98875204753858,157.38384624807352,153.90118135340154,156.67003564000655,156.3522491455078,73641400,1.0
304,2023-03-21,156.6206307412147,158.79514960196113,155.74834970631343,158.49700983750978,158.21971130371094,73938300,1.0
305,2023-03-22,158.4961913585949,161.13654445334225,157.19150320290964,158.03010423299122,156.7793731689453,75701800,1.0
306,2023-03-23,158.72985868931676,161.42596547223314,157.53344583391976,158.66002614294425,157.87203979492188,67622100,1.0
307,2023-03-24,158.82095803404113,160.66578707819338,157.75503802263688,159.7730078428833,159.1832733154297,59196500,1.0
308,2023-03-27,159.60428911919672,160.73873911418067,157.83550798882231,158.7279014983728,157.22637939453125,52390300,1.0
309,2023-03-28,158.4602875902512,159.16462557946903,156.53664940592404,157.9733661770509,156.60057067871094,45992200,1.0
310,2023-03-29,159.0970828591066,160.48438981007118,158.50599909423815,159.93101284383792,159.69979858398438,51305700,1.0
311,2023-03-30,160.80012400323977,161.87431779751356,160.4408027189941,161.63130428039747,161.2792205810547,49501700,1.0
312,2023-03-31,161.94803890995632,164.06229533925406,161.4692433791748,163.9193870116583,163.80230712890625,68749800,1.0
313,2023-04-03,163.57341466370957,165.62168390206918,163.3947738682446,165.4948148217592,165.0638427734375,56976200,-1.0
314,2023-04-04,165.6920286715738,166.4745026071442,164.59543258771947,165.58944786449652,164.5274658203125,46278300,-1.0
315,2023-04-05,165.02561244668698,165.47735291837373,162.63863191254632,164.30883051413412,162.66990661621094,51511700,1.0
316,2023-04-06,163.20867860705297,165.11521057521915,162.1915895737639,164.5546517177168,163.56393432617188,45390100,1.0
317,2023-04-10,161.9566023003776,162.95556231807356,160.71347815386747,162.78739466082286,160.951416015625,47716900,1.0
318,2023-04-11,162.23198496257422,162.53866912266815,160.5710396009454,161.39622053447732,159.7296142578125,47644200,1.0
319,2023-04-12,161.52359634326444,162.20359902781607,160.01731102579143,160.48887043280413,159.03427124023438,50133100,1.0
320,2023-04-13,161.5980823209481,164.72108184457528,160.99919202599915,164.03865942085685,164.45791625976562,68445600,1.0
321,2023-04-14,163.69242213280785,165.8403296803257,162.97376273475288,164.8586025259641,164.11026000976562,49386500,1.0
322,2023-04-17,164.6707240763658,165.5250984768516,163.71312796593367,165.11857776706657,164.13009643554688,41516200,1.0
323,2023-04-18,165.67122149537067,166.84453210653203,165.06893411731917,166.06457418461216,165.3618621826172,49923000,1.0
324,2023-04-19,165.76136858484168,167.76536219543618,165.39867553548874,167.1603756733524,166.51416015625,47720200,1.0
325,2023-04-20,165.99140801197595,167.8386052406621,165.51160095166225,166.80310842954478,165.54066467285156,52456400,1.0
326,2023-04-21,165.33242453982325,166.86657943596816,164.7964841307135,165.55493551958608,163.92152404785156,58337300,1.0
327,2023-04-24,165.09972736194698,165.97997810325137,164.16194481196794,165.3974819376141,164.2294464111328,41949600,1.0
328,2023-04-25,165.16291991756847,166.21099172199104,163.85958045286773,164.2582475720069,162.67984008789062,48714100,1.0
329,2023-04-26,163.69087426628616,165.5592966621051,163.11787627209077,163.9094704263872,162.66990661621094,45498800,1.0
330,2023-04-27,164.74026398887023,167.65978728964717,164.5683645906116,167.05984369139273,167.2889404296875,64902300,1.0
331,2023-04-28,167.3650830418759,169.19294045935507,166.88651279515224,168.8939479804647,168.55047607421875,55209200,1.0
332,2023-05-01,168.70552405807058,170.07288000157604,168.11395341129958,169.38118183066285,168.4611053466797,52472900,1.0
333,2023-05-02,169.67465465394463,170.26686827293375,167.71218132368284,168.7923498494918,167.41807556152344,48425700,1.0
334,2023-05-03,169.55239639618338,170.72405920014185,167.32565696058143,167.85270281861708,166.33535766601562,65136000,1.0
335,2023-05-04,166.2887184916089,168.14521306033552,165.21469537919006,166.4088061458781,164.6864013671875,81235400,1.0
336,2023-05-05,169.57261255676002,172.45356605433113,169.0964047685422,171.42164697071655,172.41461181640625,113316400,1.0
337,2023-05-08,171.60778077630536,173.43107408876028,171.20592185780873,172.87649409121497,172.34506225585938,55962800,1.0
338,2023-05-09,172.61733636912209,173.50731752692104,171.48178082980357,172.10195121808715,170.6265869140625,45326900,1.0
339,2023-05-10,172.8992039014593,173.8731944035841,171.77452997648012,173.12258365644178,172.4046630859375,53724500,1.0
340,2023-05-11,173.56476544289873,174.37495575759866,172.05135771120575,173.56177509693254,172.59339904785156,49514700,1.0
341,2023-05-12,173.60342621490088,174.15448501829522,171.31540731336173,172.86753765603288,171.6583709716797,45497800,1.0
342,2023-05-15,173.29303042794683,173.49335020519558,171.4236230485007,172.30926642376298,171.16102600097656,37266700,1.0
343,2023-05-16,172.3809129735989,173.24600463431258,171.68708905078068,172.14178505408202,171.16102600097656,42110300,1.0
344,2023-05-17,171.9112785917867,173.02479626334065,170.8001254334959,172.52553722520898,171.77774047851562,57951600,1.0
345,2023-05-18,172.67338357753601,174.57544272421706,172.04603891178706,174.29266330379318,174.12525939941406,65496700,1.0
346,2023-05-19,175.2750146460147,175.845632390019,174.0718133825205,174.8998015546145,174.2346954345703,55772400,1.0
347,2023-05-22,174.36850140308175,175.05069441671273,173.6365418785257,174.40993833015386,173.2797393798828,43570900,1.0
348,2023-05-23,173.50155383889327,173.88121174298257,171.98696170906553,172.41497979006178,170.65370178222656,50747300,1.0
349,2023-05-24,171.81346358819144,172.8583622411565,170.96009150344233,172.01249137354196,170.93222045898438,45143500,1.0
350,2023-05-25,172.231041639934,173.587504399886,171.47102916001705,172.69675125727744,172.07614135742188,56058300,1.0
351,2023-05-26,172.9933176189333,175.11525431068844,172.6183091752512,174.6100202502301,174.5032501220703,54835000,1.0
352,2023-05-30,175.76999998538702,177.82758013842138,175.38449787952848,176.4930082112995,176.36337280273438,55964400,1.0
353,2023-05-31,176.86200127735438,178.89327831398737,176.3473455186437,177.02290246338984,176.3136444091797,99625300,1.0
354,2023-06-01,177.44859824697585,179.75198007622748,176.75519852864,179.1698681755404,179.13864135742188,68901800,1.0
355,2023-06-02,179.95557861960057,181.17159316837606,178.50855571337715,180.41595831643167,179.9940948486328,61945900,1.0
356,2023-06-05,181.82767700384892,183.81647581428234,178.18056201430613,179.83078877666776,178.63133239746094,121946500,1.0
357,2023-06-06,180.52730395564686,181.22893932631595,177.6551634773387,179.39624133270735,178.2633056640625,64848400,1.0
358,2023-06-07,179.06619289567845,181.21568649760184,177.42055417015473,178.29287752676532,176.88063049316406,61944600,1.0
359,2023-06-08,178.2498535962426,180.952703385804,177.44817095075345,179.88686838498273,179.61611938476562,50214900,1.0
360,2023-06-09,180.52495607887278,181.84680802501853,179.6754547031948,180.63806521520183,180.00404357910156,48870700,1.0
361,2023-06-12,181.04648981438447,183.27704198025947,180.5816372654506,182.84441486485352,182.81907653808597,54274900,1.0
362,2023-06-13,182.2739490805458,183.88810832161693,181.88249288861957,183.17032275047166,182.3416290283203,54929100,1.0
363,2023-06-14,183.04118130619497,184.239432069239,181.9787508573085,183.71609468891103,182.97825622558597,57462900,1.0
364,2023-06-15,183.6843590915655,185.83583261149434,183.23962440270037,185.3218245614585,185.02735900878903,65433200,1.0
365,2023-06-16,185.81630473674699,186.64375362866315,183.96089031153275,185.0405460866993,183.943115234375,101235600,1.0
366,2023-06-20,184.83189398450065,186.26313036105986,184.2752696569364,185.01915998079494,184.03265380859372,49799100,1.0
367,2023-06-21,184.87956392288928,185.66594167179449,183.09557833360438,184.2777526939455,182.9882049560547,49515700,1.0
368,2023-06-22,184.08187302208165,186.6347846377688,183.49767221834304,186.18332580818367,186.0121307373047,51245300,1.0
369,2023-06-23,185.10956404285497,187.28243368234627,184.55629782028808,186.530992615502,185.69381713867188,53079300,1.0
370,2023-06-26,186.31387049459477,187.81973224093434,185.02788635536373,185.64830077537323,184.2912750244141,48088700,1.0
371,2023-06-27,186.01716072113234,188.21891924503421,185.47736462487083,187.33648852362757,187.0665435791016,50730800,1.0
372,2023-06-28,187.3561430893866,189.39567150104935,186.9632136599222,188.67594655708828,188.250244140625,51216800,1.0
373,2023-06-29,188.56284420855428,189.86770657726794,188.34696580696104,189.31578140364994,188.58843994140625,46347300,1.0
374,2023-06-30,190.70985668053504,193.09630898245769,190.38608589687348,192.57373527558718,192.9453125,85069600,-1.0
375,2023-07-03,192.85895614966833,193.64489611270608,191.34782192384722,192.49412528238318,191.44329833984372,31458200,1.0
376,2023-07-05,191.95669197185364,193.17946584308916,190.83834315918543,191.67923886645323,190.3192596435547,46920300,1.0
377,2023-07-06,190.47500502807955,192.36784274364936,189.69150081152515,191.77076995095157,190.79672241210935,45094300,1.0
378,2023-07-07,191.12950407190039,192.57935154135652,190.07545408867242,191.00722585833233,189.67269897460935,46778000,1.0
379,2023-07-10,189.8208473763553,190.7668093076218,187.9506315268947,189.3291681847458,187.61363220214844,59922200,1.0
380,2023-07-11,189.35825677638314,189.74004492851702,187.00519373052933,188.454751737162,187.08644104003903,46638100,1.0
381,2023-07-12,189.58347190596183,191.11201134232465,188.030558973651,189.37542851187123,188.7675018310547,60750200,1.0
382,2023-07-13,190.22504157178855,191.16660511168178,189.25516683760313,190.19062385385433,189.53343200683597,41342300,1.0
383,2023-07-14,190.2285094808139,191.17597640655143,189.51755346924972,190.5401888651407,189.68264770507807,41573900,-1.0
384,2023-07-17,191.39854857178327,193.37679804891854,191.12226433179052,192.95506050475706,192.9652099609375,50520200,-1.0
385,2023-07-18,192.7645688439959,194.04404069641384,192.03067801779886,193.49751516070444,192.70657348632807,48353800,-1.0
386,2023-07-19,192.9993749256597,196.97420921820145,192.46419913287872,194.61925882067226,194.0693359375,80507300,-1.0
387,2023-07-20,194.4628099142214,196.62126361995263,192.48925973986363,193.57678106417043,192.1097412109375,59581200,-1.0
388,2023-07-21,194.20884724672732,195.46537994047796,191.6077749312364,192.4310360282355,190.92605590820312,71917800,-1.0
389,2023-07-24,193.64965673749472,195.07661654561994,192.05733247937093,192.65431080847065,191.7317657470703,45377800,-1.0
390,2023-07-25,193.4258983029867,194.63098667267036,192.661198462073,193.33028982457245,192.59716796875,37283200,-1.0
391,2023-07-26,193.59676820915772,195.33729557455501,193.12236466557505,194.14908694737173,193.47251892089844,47471900,-1.0
392,2023-07-27,195.29303345346995,196.64118653613602,192.72171153590295,193.4987269387037,192.1992645263672,47460200,-1.0
393,2023-07-28,194.8569087543027,196.63335937880953,193.71451303352478,195.1306193633494,194.7955017089844,48291400,-1.0
394,2023-07-31,195.69907091730641,196.53301165885773,194.7963500648426,196.05418367277434,195.41221618652344,38824100,-1.0
395,2023-08-01,196.07772512040677,196.67090050693466,195.1349041649606,195.7432555290784,194.5766448974609,35175100,-1.0
396,2023-08-02,195.351312836415,195.62726502512726,192.8354755219491,193.5289779404618,191.56265258789065,50389300,-1.0
397,2023-08-03,192.70439897787764,193.34717608956944,191.3336443655691,191.87769210040028,190.16012573242188,61235200,-1.0
398,2023-08-04,187.67532268408593,189.17015624483957,184.74409202793245,184.95631147533493,181.0286102294922,115799700,-1.0
399,2023-08-07,183.79360022319452,184.94205029142063,179.56823188084067,180.68189771506144,177.9051971435547,97576100,1.0
400,2023-08-08,180.92108177594275,181.6716180781488,178.17647084599048,180.0645714507489,178.8501739501953,67823000,1.0
401,2023-08-09,180.88532111481408,181.15248029649152,177.3599374085823,178.75237314420903,177.24867248535156,60378500,1.0
402,2023-08-10,179.90159334372157,180.87074408894745,177.52798549503564,178.2047127977549,177.0298309326172,54686900,1.0
403,2023-08-11,178.0944831300696,179.29521980871547,176.84339778474117,177.91440913961944,177.089599609375,51988100,1.0
404,2023-08-14,178.00734579351308,179.57156765159903,177.17001762643798,178.99632744159285,178.75302124023438,43675600,1.0
405,2023-08-15,178.61820715602266,179.50746730475706,177.08600742416186,177.91389609624738,176.75094604492188,43622600,1.0
406,2023-08-16,177.57646556477556,178.8302354917201,176.67580222724857,176.97317395582735,175.87442016601562,46964900,1.0
407,2023-08-17,177.27093924218656,177.90606680230118,174.4387376774519,174.8919521867482,173.3145294189453,66062900,1.0
408,2023-08-18,173.79128390888644,175.9418243131513,172.7036260029426,174.6105895012393,173.8026123046875,61114200,1.0
409,2023-08-21,174.68639029961906,176.07355071191415,173.42909164609762,175.47117428689523,175.1472930908203,46311900,1.0
410,2023-08-22,176.34791538090136,177.19806008662113,175.40372749382928,176.7023492953459,176.53179931640625,42084200,-1.0
411,2023-08-23,177.86837760499307,180.2444201622168,177.45211952988706,179.794701370635,180.40647888183597,52722800,-1.0
412,2023-08-24,179.82951199975963,180.84333032112596,176.44263201375128,177.40441382915924,175.68516540527344,54945800,-1.0
413,2023-08-25,178.11485701789664,179.65799482387686,176.00679473107851,178.24832457599388,177.90638732910156,51449600,-1.0
414,2023-08-28,179.49745454189244,180.3103958836865,177.78704055555403,179.60749908178252,179.48016357421875,43820700,-1.0
415,2023-08-29,179.63923422633727,183.52311449264505,178.9861121666662,182.76624630656602,183.3946685791016,53003900,-1.0
416,2023-08-30,183.34977197688556,186.55193862025442,183.01383749521472,186.18486961950887,186.91075134277344,60813900,-1.0
417,2023-08-31,186.4929290295891,188.34957816810757,186.14014825784176,187.3644574678839,187.1298828125,60794500,-1.0
418,2023-09-01,188.5908825540916,189.448872168694,187.63804362286035,188.8313419400722,188.7136383056641,45732600,-1.0
419,2023-09-05,188.3732639117353,189.82065865988554,187.61841351410422,189.4394004457912,188.9526824951172,45280000,-1.0
420,2023-09-06,188.39197490105965,189.14120187042658,183.31452490872346,184.8688226972139,182.1894378662109,81755800,-1.0
421,2023-09-07,179.14358734336477,181.489365260835,176.47235277291,179.7526451001798,176.86050415039062,112488800,-1.0
422,2023-09-08,178.58808047547035,180.61481342346536,177.39470113216595,178.65178840310082,177.4780731201172,65551300,-1.0
423,2023-09-11,179.62542926959424,180.39444616327006,177.35640777617323,179.14753694817634,178.65341186523438,58953100,-1.0
424,2023-09-12,179.5306326260931,180.20933726694977,175.58092745980508,177.15426322068336,175.60546875,90370200,-1.0
425,2023-09-13,177.41618594261308,178.1728033163154,174.46027524721887,175.09328366591205,173.52371215820312,84267900,-1.0
426,2023-09-14,175.02485578278393,176.72184526735555,173.84408385590393,175.54598894498847,175.0476837158203,60895800,-1.0
427,2023-09-15,176.04345374411253,176.5665535802067,173.8272302837243,175.1707928382817,174.32054138183594,109205100,1.0
428,2023-09-18,176.3490331325111,178.53596949203074,175.467167803379,177.1302387059767,177.26890563964844,67257600,1.0
429,2023-09-19,177.16871293047598,179.30179426557797,176.63115375898246,178.48807673874614,178.36456298828125,51826900,-1.0
430,2023-09-20,178.63261003392796,179.58053614344294,175.7693418552338,176.38942686683868,174.79867553710938,58436200,1.0
431,2023-09-21,175.77478514640887,177.28416297926336,174.43280298381623,174.66782293309848,173.2447967529297,63047900,1.0
432,2023-09-22,175.00143426218438,177.14125017551729,174.16484303137534,174.75334218022252,174.10140991210938,56725400,1.0
433,2023-09-25,174.44042814242485,177.0213759071474,174.15444863695166,175.68200393580503,175.38633728027344,46172700,1.0
434,2023-09-26,174.7061335696806,175.74641063591375,172.40833715456205,173.07660588044854,171.28256225585938,64588900,1.0
435,2023-09-27,173.24583665293542,173.8519184910671,170.05750328259907,171.22397663718144,169.7585906982422,66921800,1.0
436,2023-09-28,170.51174843240406,172.57657469282793,168.35124756681097,170.8501947001388,170.017578125,56294400,1.0
437,2023-09-29,171.5675275204439,172.9219775348015,169.74337170656673,171.10206310974866,170.53553771972656,51814200,1.0
438,2023-10-02,171.32425911062535,173.8865953966709,170.5740063850169,172.95561893292458,173.0655059814453,52164500,-1.0
439,2023-10-03,171.97927388797277,173.70698203697003,170.7462070424582,172.56668140741644,171.72084045410156,49594600,1.0
440,2023-10-04,171.35677960291528,174.05909931079805,170.90286296722962,173.3320069857015,172.9758758544922,53020300,-1.0
441,2023-10-05,173.06002918116755,175.03272765700893,172.14685376321574,174.43660465918703,174.220947265625,48527900,-1.0
442,2023-10-06,173.57801089058074,177.10282214231754,172.8700510020116,176.57398524297093,176.79078674316406,57224100,-1.0
443,2023-10-09,175.84040155818985,178.46584877892573,174.92101743683395,178.26519941810614,178.28488159179688,42390800,-1.0
444,2023-10-10,177.42212473991788,179.3437554881699,177.0413030948197,178.35255939818575,177.68722534179688,43698000,-1.0
445,2023-10-11,177.96663528574487,179.6981309189119,177.43239520090685,179.3657699556862,179.09169006347656,47551100,-1.0
446,2023-10-12,179.4389957126766,181.54743671219703,178.557713860565,180.30673568641288,179.99810791015625,56743100,-1.0
447,2023-10-13,180.8256974320647,181.815225886706,178.26531373092342,179.2870249783848,178.14544677734375,51427100,-1.0
448,2023-10-16,177.9727092296194,179.90056904775008,177.03659027406218,178.89010834800763,178.0159454345703,52517000,1.0
449,2023-10-17,177.0468084964249,178.86416943258675,175.47097921844912,177.67202823194134,176.45211791992188,57549400,1.0
450,2023-10-18,176.02004383066574,177.9652521115143,175.21829419278083,176.38960590610583,175.1472930908203,54764400,1.0
451,2023-10-19,176.0340084494927,177.87757306997773,175.1984899668186,175.73888647153876,174.76878356933594,59302900,1.0
452,2023-10-20,175.52720082586342,176.15727063925505,173.4075465627995,173.73766935943038,172.19895935058594,64189300,1.0
453,2023-10-23,172.2951628112356,174.65417734656168,170.97325884188672,173.22130080782912,172.3184814453125,55980100,1.0
454,2023-10-24,172.82355097960115,173.9652519222302,171.30697551633554,173.3743919513331,172.75674438476562,43816600,1.0
455,2023-10-25,172.1630687118491,173.33157386768468,170.84708838243972,171.78232185786086,170.42596435546875,57157000,1.0
456,2023-10-26,170.90791719558598,171.96547557827415,167.22312523299365,168.35769613011217,166.23252868652344,70625300,1.0
457,2023-10-27,168.10937772215237,169.86164737318927,166.94793885163637,168.26130969352585,167.5572967529297,58499100,1.0
458,2023-10-30,168.74681630736836,170.7774929302185,168.29337823752218,169.6813882083507,169.619140625,51131000,1.0
459,2023-10-31,169.16904916467143,170.8632436066046,168.0180091987957,170.44341945322788,170.09727478027344,44846000,1.0
460,2023-11-01,170.4507147494014,173.21997009125872,169.48939934166998,172.91202669046055,173.28466796875,56934900,1.0
461,2023-11-02,173.9992174155431,176.41199017288542,173.66882450220803,176.1726131340913,176.8704833984375,77334800,1.0
462,2023-11-03,174.16776906987778,176.69760217881876,173.44565162312335,176.50677966776647,175.95408630371094,79763700,1.0
463,2023-11-06,175.71633413893207,178.6102755266925,175.38070018664405,178.4130309096073,178.52392578125,63841300,1.0
464,2023-11-07,178.1408951147265,181.29108436699212,177.8932109104854,180.79791439983532,181.10372924804688,70530000,1.0
465,2023-11-08,181.08727280687887,182.80232317386717,180.4809607096691,182.2623738927045,182.1695098876953,49340300,1.0
466,2023-11-09,182.3981865417707,183.7246935341914,181.41128650391633,182.36571473128788,181.69142150878903,53763500,1.0
467,2023-11-10,183.4984568170234,185.71641318721055,182.89438509668273,185.18971014692545,185.9102783203125,66133400,1.0
468,2023-11-13,185.12354217206016,185.935923101671,183.81532022871187,184.9169151803081,184.31448364257807,43627500,1.0
469,2023-11-14,186.9270605153876,187.4577773577474,185.55459820484404,186.68307626307683,186.9475555419922,60108400,1.0
470,2023-11-15,187.57312242707718,188.88733320732422,187.11237860696104,187.61191903370823,187.51605224609372,53790500,1.0
471,2023-11-16,188.9709418550763,190.3382046619043,188.1887093096274,189.0805804098195,189.21160888671875,54412900,1.0
472,2023-11-17,189.8662825565229,190.36746481654004,188.45561791984133,189.50717583193023,189.191650390625,50922700,1.0
473,2023-11-20,189.88288433971076,191.44724200843856,189.45268879392114,190.8671506133486,190.947021484375,46505100,1.0
474,2023-11-21,190.95186786538977,191.4981755932542,189.65381048339123,190.7081447567585,190.1391448974609,38134500,1.0
475,2023-11-22,191.3285642048318,192.50044755102314,190.47714442675567,191.12944171804315,190.80740356445312,39617700,1.0
476,2023-11-24,191.0075658434808,191.38012999284604,189.6181433280267,190.31783336990512,189.4709014892578,24048300,1.0
477,2023-11-27,190.24626847130597,190.88303771611552,189.1154387259471,189.94834531126452,189.29136657714844,40552600,1.0
478,2023-11-28,189.9198796868996,191.02091259657294,189.31462734532323,190.26449932091845,189.89976501464844,38415400,1.0
479,2023-11-29,190.60595963360896,191.76927121549534,189.07338905808916,189.6383463783068,188.8724822998047,43014200,1.0
480,2023-11-30,190.06978532660614,190.75478649160175,188.45501842641113,189.85650177726157,189.45095825195312,48794400,1.0
481,2023-12-01,190.25193687972012,191.3184342384961,188.99750253720066,190.82495437839333,190.73757934570312,45679300,1.0
482,2023-12-04,190.06157807319337,190.4305324077793,187.91424862492974,189.84848118656487,188.93231201171875,43389500,1.0
483,2023-12-05,190.16547812166505,193.2091554498729,189.5002694605258,192.34854307423117,192.91184997558597,66628400,-1.0
484,2023-12-06,193.16464130026907,194.29474278974703,191.32708126540388,192.32856804922247,191.8147430419922,41089700,1.0
485,2023-12-07,193.49039580804947,194.78842283692413,192.91112181614463,193.6875734054894,193.75962829589844,47477700,-1.0
486,2023-12-08,193.98711660618437,195.6295306962921,193.4423352631051,195.10327672135384,195.1958465576172,53377300,-1.0
487,2023-12-11,193.37313540910142,194.1318630541025,192.02669929719326,193.75697788945303,192.6724853515625,60943700,-1.0
488,2023-12-12,193.1679419044687,194.54355977072294,191.81201064365018,194.42409806654294,194.19847106933597,52696900,-1.0
489,2023-12-13,194.51338000786407,196.96306793121687,193.93860746555598,196.8992341196699,197.4399261474609,70404200,-1.0
490,2023-12-14,196.96801699308187,198.82291696139632,195.49358480314334,197.74677066314706,197.5895233154297,66831600,-1.0
491,2023-12-15,197.3614042434324,198.52687081595798,196.548075440943,197.62303632589726,197.0509490966797,128256700,-1.0
492,2023-12-18,196.47141870955318,197.19906466275614,195.03742220503682,196.40991047052307,195.3753662109375,55751900,-1.0
493,2023-12-19,196.2534281763425,197.02471726259637,195.63422623426493,196.78097485014132,196.422607421875,40714100,-1.0
494,2023-12-20,196.70602418044183,197.48341005182579,195.07126915201775,195.41529373678065,194.31814575195312,52242800,-1.0
495,2023-12-21,196.28181152659346,197.20102429728604,193.97138074560533,194.90058299408108,194.16851806640625,46482500,-1.0
496,2023-12-22,195.51053833102492,195.94730985266236,193.27041507817376,193.99017917068522,193.0913848876953,37122800,-1.0
497,2023-12-26,194.18016192655358,194.50719252855262,192.9621258051904,193.33205588743604,192.54281616210935,28919300,-1.0
498,2023-12-27,192.99705242318092,193.80215775856578,191.65163517808057,193.2046124937699,192.64254760742188,48087700,-1.0
499,2023-12-28,193.79711529970817,194.40264989104628,192.71448927168586,193.46738502986923,193.0714263916016,34049900,1.0
500,2023-12-29,193.86913031745152,194.400790694853,192.0253437907831,192.81121465446859,192.0241851806641,42628800,1.0
501,2024-01-02,189.16573482277454,190.22823891744025,186.33060270998885,187.79136396909448,185.15228271484372,82488700,1.0
502,2024-01-03,185.70372130132455,187.18447509320083,184.30017568604353,185.31240919072835,183.76593017578125,58414500,1.0
503,2024-01-04,183.21611211793643,184.3183399644837,181.9060561237818,182.93072532069505,181.43209838867188,71983600,1.0
504,2024-01-05,182.35783748059578,183.2274981441303,180.69081555539626,181.7052124692554,180.70399475097656,62303300,1.0
505,2024-01-08,182.1703486807022,184.88825371570002,181.25724466661887,184.40356203179223,185.07249450683597,59144500,1.0
506,2024-01-09,183.39510332247238,185.07147184224908,182.288170409263,184.9190681822916,184.65359497070312,42841800,-1.0
507,2024-01-10,184.06353526920265,186.0014372802138,183.43044984104063,185.80872216367186,185.7008514404297,46792900,1.0
508,2024-01-11,185.79705588105378,186.7354333202946,183.56313153434346,185.65561408562502,185.1024169921875,49128400,1.0
509,2024-01-12,185.98111505533174,186.73863384130325,184.7019411692874,185.84068294394922,185.4315490722656,40444700,1.0
510,2024-01-16,183.30633708007605,185.00358630717616,182.0615772238331,184.29320830115353,183.14756774902344,65603000,1.0
511,2024-01-17,181.88090411474545,183.55207076519974,180.8284753033804,183.16395736339294,182.20005798339844,47317400,1.0
512,2024-01-18,184.8272686709471,187.4636208023138,184.32954387275242,186.99019062698665,188.13442993164065,78005800,-1.0
513,2024-01-19,187.97918188302242,190.60408410446368,187.47286828877884,190.18905547911157,191.0567321777344,68741000,-1.0
514,2024-01-22,191.0037567011372,193.91222651307737,190.82385664141884,192.77971621648737,193.38059997558597,60133900,-1.0
515,2024-01-23,193.81513000106378,195.1986679539232,192.92815827416393,194.4599097379931,194.66722106933597,42355600,-1.0
516,2024-01-24,194.93853771858085,196.0256038041457,193.91644491877264,194.4879729213979,193.98899841308597,53631300,-1.0
517,2024-01-25,195.13556217006644,196.19668413196632,193.3519339028779,194.2653905946811,193.65988159179688,54822100,-1.0
518,2024-01-26,194.5296716417426,195.19100139437506,192.36358187984774,192.97361589666605,191.9144744873047,44594000,-1.0
519,2024-01-29,192.76589764730795,193.09729828208205,190.41507584569263,192.10308177827716,191.2262725830078,47145600,-1.0
520,2024-01-30,191.48777100317676,192.1891916208551,188.35352360819996,189.2589198337761,187.5459747314453,55859400,-1.0
521,2024-01-31,188.374326601246,188.62676175871744,185.5510613549209,185.85767167767193,183.91554260253903,55467800,-1.0
522,2024-02-01,185.30530182558866,187.45302639138475,184.3393235334294,186.5593019305477,186.3690948486328,64885400,-1.0
523,2024-02-02,181.49359097492268,187.3669091991537,180.77679706002883,186.0627948516252,185.3617401123047,102518000,-1.0
524,2024-02-05,186.15307302001588,188.6850727597461,184.3210365545321,187.19483332853443,187.1869201660156,69668800,-1.0
525,2024-02-06,186.64792233325088,189.12252011893943,186.03531395708228,188.6684521347908,188.80267333984372,43490800,-1.0
526,2024-02-07,189.44237627272918,190.4717581719123,187.8375946143708,189.1875382039138,188.91238403320312,53439000,-1.0
527,2024-02-08,189.40571245457267,189.81952275186666,187.49628265677217,188.58026658812727,187.82525634765625,40962000,-1.0
528,2024-02-09,188.87670946391088,189.93886067077486,187.84888479703164,188.7690842488991,188.59420776367188,45155200,-1.0
529,2024-02-12,188.55701155743498,189.0506569194942,187.10766073940246,187.6357210022088,186.89649963378903,41781900,-1.0
530,2024-02-13,186.60610645795313,187.06220177555528,184.58929437660592,185.81871160095562,184.7893524169922,56529500,-1.0
531,2024-02-14,185.70583706433908,185.9896596781744,183.08479002196617,184.65060920782577,183.9005584716797,54630500,-1.0
532,2024-02-15,184.1967532555322,184.93990174866718,181.87044127905077,184.09718318959384,183.6109619140625,65434500,-1.0
533,2024-02-16,183.65302469492138,184.87697479706108,181.73013110197695,182.84615324789377,182.06304931640625,49701400,-1.0
534,2024-02-20,182.3489027087694,183.1640873121652,180.51903933059307,181.94584426538376,181.31407165527344,53665600,-1.0
535,2024-02-21,182.06267252161518,182.97222576640345,180.61771436265445,182.20775840656825,182.07305908203125,41529700,-1.0
536,2024-02-22,183.0547987657619,184.36367242962805,181.90731900850338,183.72132410400172,184.12026977539065,52292200,-1.0
537,2024-02-23,184.42343578451374,184.8370970291814,182.13319271182834,182.88040022192314,182.2727813720703,45119700,-1.0
538,2024-02-26,182.895034580569,183.3831252635396,181.0949535410876,181.6761226300535,180.9146270751953,40867400,-1.0
539,2024-02-27,181.63851464663162,183.7589362973236,180.0204843533419,182.3438402069848,182.38262939453125,54318900,-1.0
540,2024-02-28,182.24855054877466,183.31167747122834,180.09714872397132,181.69715078035716,181.17425537109372,48953900,-1.0
541,2024-02-29,181.56356815535503,182.79250836832162,179.7001437626992,181.03414523410714,180.5051727294922,136682600,-1.0
542,2024-03-01,180.154072582837,181.2087516560043,178.0760465467785,180.07224613370872,179.41665649414062,73488000,-1.0
543,2024-03-04,177.35121750239017,178.19262122434037,175.07580926432652,176.59167811257356,174.86282348632812,81510100,-1.0
544,2024-03-05,172.7373614055022,173.8857816675951,171.2567393613292,172.06150001580332,169.8895721435547,95132400,-1.0
545,2024-03-06,171.5632067126663,172.03373834549336,169.45301668144563,170.00244658677224,168.8909149169922,68587700,1.0
546,2024-03-07,169.87395774133896,171.12111851292536,168.77890884964853,169.30073397603167,168.77108764648438,71765100,1.0
547,2024-03-08,169.2621873224017,172.92633341764713,168.89167436387893,170.30121720208683,170.4987335205078,76114600,-1.0
548,2024-03-11,171.8366579057049,173.94390344326288,171.10250444539415,172.01536516062606,172.51600646972656,60139500,-1.0
549,2024-03-12,172.75599309925053,174.00417017848667,171.0377474884034,172.86560655746516,172.99534606933594,59825400,-1.0
550,2024-03-13,172.7658009204978,173.43425276253038,170.8433204013062,171.6506853852083,170.89820861816406,52488700,-1.0
551,2024-03-14,172.86674283962589,174.04727411977473,171.68799825662234,172.5952056155625,172.7656707763672,72913500,-1.0
552,2024-03-15,171.67902157014947,173.04817881796367,170.70939477727967,172.6125582667,172.3861846923828,121664700,-1.0
553,2024-03-18,174.40271159799795,176.31145834509613,172.67682142390655,173.3877683345022,173.4846954345703,75604200,-1.0
554,2024-03-19,174.35881091592282,176.52043793077493,172.92404557267977,175.27233178208894,175.84149169921875,55215200,-1.0
555,2024-03-20,175.31164412926904,178.02513009749418,174.44021110832736,177.6506982528884,178.42799377441406,53423100,-1.0
556,2024-03-21,176.52849537501118,177.6505428744631,171.92006076902163,173.25420605789776,171.13787841796875,106181300,1.0
557,2024-03-22,173.19054476728851,174.4301649985694,170.6180165217221,172.57226096287712,172.04664611816406,71106600,1.0
558,2024-03-25,171.35616855713968,172.6870512085552,169.80040282028614,171.36668256132407,170.61859130859375,54288300,-1.0
559,2024-03-26,170.4068505671419,171.80011408082828,169.64612212782413,170.20700946810425,169.48013305664062,57388400,-1.0
560,2024-03-27,170.40905773361914,173.0600384967094,169.97083706559334,172.3791011314469,173.0752410888672,60273300,-1.0
561,2024-03-28,171.34771732008574,172.47900855829016,170.34824727446318,171.74972734871142,171.2477264404297,65672700,-1.0
562,2024-04-01,171.2373169050101,171.61870256748705,169.74047119161628,170.54591735012124,169.79969787597656,46240500,-1.0
563,2024-04-02,169.7271963532413,170.02360820676955,168.68313836676222,169.35177264155982,168.61129760742188,49329500,-1.0
564,2024-04-03,169.07115420626536,170.48307733507775,168.61094279176694,169.560527520007,169.42019653320312,47691700,-1.0
565,2024-04-04,169.92434156217257,171.48892191878505,168.75728796448323,169.04216338295524,168.59133911132812,53704400,1.0
566,2024-04-05,169.6902999051752,170.71967614838942,168.8921842531145,169.41865029662483,169.3502960205078,42055200,-1.0
567,2024-04-08,169.22808911706036,169.65590070828637,168.4356591211492,168.74059295275697,168.22183227539062,37425500,1.0
568,2024-04-09,168.85842459888764,169.95277149422418,168.3757020088057,169.3911766040888,169.44017028808594,42451200,1.0
569,2024-04-10,168.81752951589675,169.3488288847907,167.4897110298878,168.26335212673445,167.552734375,49709300,1.0
570,2024-04-11,168.48325629129246,173.62665336514425,167.9589158724429,173.0070009383133,174.8029022216797,91070300,-1.0
571,2024-04-12,172.5269730421729,176.93999643678936,172.3346794614399,175.48710241772446,176.3108673095703,101593300,1.0
572,2024-04-15,174.51009233989797,176.72300234900555,172.45040383843195,173.52913243430172,172.45608520507812,73531800,1.0
573,2024-04-16,172.5780277019694,174.64889685948683,169.52412414225225,170.62474314825926,169.15057373046875,73711200,1.0
574,2024-04-17,170.50040873783692,171.8496647853851,168.45723724267566,168.78742294447778,167.77244567871094,50901200,1.0
575,2024-04-18,168.7711217668589,169.60289900836943,167.12217330903317,167.5642221836363,166.81373596191406,43122900,1.0
576,2024-04-19,166.9783412297647,167.3608654300499,164.99265327444823,165.7692666550909,164.77650451660156,67772100,1.0
577,2024-04-22,165.9575053596521,167.29025578380012,164.8367989730571,165.81877743305068,165.6153564453125,48116400,1.0
578,2024-04-23,165.53225588035656,167.12207887137052,164.89503841017884,166.57562895745428,166.67391967773438,49537800,1.0
579,2024-04-24,166.23767206439993,168.6466257976416,165.8155162227607,168.28669167795894,168.7910614013672,48251800,1.0
580,2024-04-25,168.5423007648278,170.0209881665386,167.44965059436726,169.4090070761416,169.65988159179688,50558300,1.0
581,2024-04-26,169.4786936474171,170.944293886485,168.66089005135706,169.33270425907295,169.0706787109375,44838400,1.0
582,2024-04-29,172.20260467625639,174.5042873114533,171.76827128786806,172.24981127772188,173.26498413085938,68169400,1.0
583,2024-04-30,172.9917826846152,174.84429003865083,170.5304813863604,170.90594466505485,170.0992889404297,65934800,1.0
584,2024-05-01,170.60353608712285,173.35029171130228,169.5361448431542,169.7817855357469,169.0706787109375,50383100,1.0
585,2024-05-02,171.938056980922,173.3990862316524,170.48384302570017,172.0555348062319,172.79562377929688,94214900,1.0
586,2024-05-03,182.2364128218157,182.91972586949572,179.0071554711866,179.98266385983834,183.1316070556641,163224100,1.0
587,2024-05-06,182.31592811900563,183.81591562461824,179.99614535961769,181.19180385765853,181.46388244628903,78569700,1.0
588,2024-05-07,183.1097762994712,184.57477041492456,180.92284873483842,182.03753688483664,182.1529235839844,77305800,1.0
589,2024-05-08,182.92793716230227,183.5214362514305,181.29185248422107,182.52926491066586,182.4924774169922,45057100,1.0
590,2024-05-09,182.6703794397063,184.31843343890569,181.86455617251244,183.95778460015288,184.32000732421875,48983000,1.0
591,2024-05-10,184.23110955945097,184.85852746819518,182.05037026972246,183.32233751627635,183.0500030517578,50759500,1.0
592,2024-05-13,185.07733457681968,186.42756251291945,183.84910766294797,185.3927004003907,186.27999877929688,72044800,1.0
593,2024-05-14,186.78019652783107,187.7382708901063,185.55772759917735,186.8188049931641,187.42999267578125,52393600,1.0
594,2024-05-15,187.57106152182587,189.776476994571,186.82631486178445,188.84964235244144,189.72000122070312,70400000,1.0
595,2024-05-16,189.60031931103995,190.70294737083222,188.80989702201188,189.54289014225589,189.83999633789065,52845200,1.0
596,2024-05-17,189.53709194809716,190.7778825022653,189.06896397965045,189.77186362470803,189.8699951171875,41282900,1.0
597,2024-05-20,189.3921288661674,191.57736346894131,189.0276853486803,190.65955438770538,191.0399932861328,44361300,1.0
598,2024-05-21,190.58063609637367,192.38420604995972,190.35230432286582,191.84287058877254,192.3500061035156,42309400,1.0
599,2024-05-22,191.76319381963475,192.689266941941,190.2946942875824,191.18285690417085,190.8999938964844,34648500,1.0
600,2024-05-23,191.21495515516776,191.5067800825823,187.72941170424346,188.17086048922,186.8800048828125,51005900,1.0
601,2024-05-24,189.53849167350347,190.858035306513,187.946818811566,189.43725515604334,189.97999572753903,36294600,1.0
602,2024-05-28,190.91854365683622,192.3574105919539,188.75404991593072,189.82418039202787,189.9900054931641,52280100,1.0
603,2024-05-29,190.002563524297,192.28222317758616,189.2832111295644,190.15024941790134,190.2899932861328,53068000,1.0
604,2024-05-30,190.53276521207425,192.21066182632273,190.22596675683806,190.94807012566338,191.2899932861328,49947900,1.0
605,2024-05-31,191.16783127260666,192.46220367484995,190.00479259052798,191.859421037699,192.25,75158300,1.0
606,2024-06-03,192.38034510932107,194.23166494766983,191.76544076788102,193.37882545681754,194.02999877929688,50080500,1.0
607,2024-06-04,193.96210310555023,194.99350461125405,192.6506313758721,194.05865190950618,194.3500061035156,47471400,1.0
608,2024-06-05,194.96862665920415,196.3280471109153,194.2041859947929,195.3265921548831,195.8699951171875,54156800,1.0
609,2024-06-06,195.47358970674563,196.44841413327458,194.1802545166996,194.73397465574223,194.47999572753903,41181800,1.0
610,2024-06-07,194.89707263956277,196.79252594896676,194.15207592776378,196.24319196947658,196.88999938964844,53103900,1.0
611,2024-06-10,196.29911751940793,197.1477599209205,192.7506185058682,194.0569541728742,193.1199951171875,97262100,1.0
612,2024-06-11,194.44473098336147,204.15633053975267,193.3661889697292,203.22208197940134,207.1499938964844,172373300,1.0
613,2024-06-12,203.4924158770397,215.3868970256953,202.83985241845784,210.11562972077354,213.07000732421875,198134300,1.0
614,2024-06-13,211.36572860832678,216.3410691077086,208.97195999799825,213.00269276144695,214.2400054931641,97862700,1.0
615,2024-06-14,213.10472285495896,215.5213194505743,210.60159013562992,212.64381167364894,212.4900054931641,70122700,1.0
616,2024-06-17,213.29041343851895,217.9213936989418,212.08447789518118,215.4621422203564,216.6699981689453,93728300,1.0
617,2024-06-18,216.30012146807917,218.4174215276513,212.72534336855435,214.64163796639988,214.2899932861328,79943300,1.0
618,2024-06-20,214.64103131347062,215.49323030351024,210.01260728302725,211.16848626296684,209.67999267578125,86172500,1.0
619,2024-06-21,211.66530896679507,212.97096866380699,207.9807826121543,208.5935497241049,207.4900054931641,246421400,1.0
620,2024-06-24,208.9035935445307,212.78128846291162,207.00723222016973,208.27606448998537,208.13999938964844,80727000,1.0
621,2024-06-25,209.0760737908983,211.80038995684225,208.12917009329703,208.83182447394873,209.07000732421875,56713900,1.0
622,2024-06-26,210.7728221372695,213.94211741429876,209.88675060074303,211.9245473421846,213.25,66213200,1.0
623,2024-06-27,213.5148483501652,215.2006390695045,211.61102945268382,213.4473684751163,214.1000061035156,49772700,1.0
624,2024-06-28,215.0934574957722,215.80919684780446,210.69331097203562,211.4682071245661,210.6199951171875,82542700,1.0
625,2024-07-01,212.9910346852551,216.9997552091265,211.5519920098724,215.16546213736984,216.75,60402900,1.0
626,2024-07-02,215.20230613311563,219.3659299807067,214.03560187542266,218.7386416319336,220.2700042724609,58046200,-1.0
627,2024-07-03,218.5606918399347,220.89478113044248,217.53167970813462,220.70659462581057,221.5500030517578,37369800,-1.0
628,2024-07-05,220.7232032795195,224.78343220290225,220.41449963997945,224.64997582426662,226.33999633789065,60412400,
629,2024-07-08,225.1799584203793,226.93003393333157,222.39934989199384,226.86899787423312,227.82000732421875,59085900,
630,2024-07-09,227.1049823991607,228.65900590753859,225.17880154962938,228.13669423531678,228.67999267578125,48076100,
631,2024-07-10,228.6414968559787,231.75370305399986,228.02864046488884,231.52700527987236,232.97999572753903,62627700,
632,2024-07-11,230.56544862954752,232.19911048895386,226.44759513018928,228.75710671091485,227.57000732421875,64710600,
633,2024-07-12,229.41363330712596,232.50773271944007,228.01027341210363,230.0051273135674,230.5399932861328,53046500,
634,2024-07-15,234.3600870014151,235.81331682510935,231.56607946015455,233.08153392160932,234.3999938964844,62631300,
635,2024-07-16,234.80802610042454,236.13299803825544,232.10082511978464,234.29846530343593,234.82000732421875,43234300,
636,2024-07-17,231.0574056938969,232.86190411118366,228.2782471086893,230.50554300899955,228.8800048828125,57345900,
637,2024-07-18,230.5132208536769,231.16657294233949,224.07247712332943,226.07765777574676,224.17999267578125,66034600,
638,2024-07-19,226.52797138305618,228.10997401893232,223.51774228250665,224.84029562373962,224.30999755859372,49151500,
639,2024-07-22,226.86538756970202,227.87899135118752,223.21832012127544,224.22409338682894,223.9600067138672,48201800,
640,2024-07-23,225.11861285294185,227.22169911434065,222.84149090942952,224.77422417083386,225.00999450683597,39960300,
641,2024-07-24,224.33558385588253,225.52651187053266,218.8434506907976,220.4102625515431,218.5399932861328,61777600,
642,2024-07-25,220.55167002981165,222.2529578336207,215.8870317892705,218.36608261067778,217.4900054931641,51391200,
